County,State,FIPS Code,Population,Area,Density,NT1_Est
Anderson County,Tennessee,47001,81449,338,241,10.262574
Bedford County,Tennessee,47003,54228,474,114,6.832728
Benton County,Tennessee,47005,16173,394,41,2.037798
Bledsoe County,Tennessee,47007,15591,406,38,1.964466
Blount County,Tennessee,47009,142211,559,254,17.918586
Bradley County,Tennessee,47011,113782,329,346,14.336532
Campbell County,Tennessee,47013,40238,480,84,5.069988
Cannon County,Tennessee,47015,15142,266,57,1.907892
Carroll County,Tennessee,47017,29107,599,49,3.667482
Carter County,Tennessee,47019,57434,341,168,7.236684
Cheatham County,Tennessee,47021,42604,303,141,5.368104
Chester County,Tennessee,47023,17876,289,62,2.252376
Claiborne County,Tennessee,47025,33070,434,76,4.16682
Clay County,Tennessee,47027,7857,236,33,0.989982
Cocke County,Tennessee,47029,37596,434,87,4.737096
Coffee County,Tennessee,47031,61285,429,143,7.72191
Crockett County,Tennessee,47033,13973,265,53,1.760598
Cumberland County,Tennessee,47035,65618,682,96,8.267868
Davidson County,Tennessee,47037,729505,502,1453,91.91763
Decatur County,Tennessee,47039,11800,333,35,1.4868
DeKalb County,Tennessee,47041,21747,304,72,2.740122
Dickson County,Tennessee,47043,57641,490,118,7.262766
Dyer County,Tennessee,47045,36403,510,71,4.586778
Fayette County,Tennessee,47047,44476,705,63,5.603976
Fentress County,Tennessee,47049,20129,499,40,2.536254
Franklin County,Tennessee,47051,45137,553,82,5.687262
Gibson County,Tennessee,47053,51422,603,85,6.479172
Giles County,Tennessee,47055,30971,611,51,3.902346
Grainger County,Tennessee,47057,25073,280,90,3.159198
Greene County,Tennessee,47059,73398,622,118,9.248148
Grundy County,Tennessee,47061,14148,361,39,1.782648
Hamblen County,Tennessee,47063,67715,161,421,8.53209
Hamilton County,Tennessee,47065,386256,543,711,48.668256
Hancock County,Tennessee,47067,7038,222,32,0.886788
Hardeman County,Tennessee,47069,25434,668,38,3.204684
Hardin County,Tennessee,47071,27617,578,48,3.479742
Hawkins County,Tennessee,47073,59371,487,122,7.480746
Haywood County,Tennessee,47075,17097,533,32,2.154222
Henderson County,Tennessee,47077,28183,520,54,3.551058
Henry County,Tennessee,47079,32883,562,59,4.143258
Hickman County,Tennessee,47081,25859,613,42,3.258234
Houston County,Tennessee,47083,8538,200,43,1.075788
Humphreys County,Tennessee,47085,19554,532,37,2.463804
Jackson County,Tennessee,47087,12376,309,40,1.559376
Jefferson County,Tennessee,47089,59217,274,216,7.461342
Johnson County,Tennessee,47091,18506,299,62,2.331756
Knox County,Tennessee,47093,506748,509,996,63.850248
Lake County,Tennessee,47095,6422,163,39,0.809172
Lauderdale County,Tennessee,47097,24630,470,52,3.10338
Lawrence County,Tennessee,47099,46467,617,75,5.854842
Lewis County,Tennessee,47101,13418,282,48,1.690668
Lincoln County,Tennessee,47103,36751,570,64,4.630626
Loudon County,Tennessee,47105,62129,229,271,7.828254
Macon County,Tennessee,47111,27189,307,89,3.425814
Madison County,Tennessee,47113,100409,557,180,12.651534
Marion County,Tennessee,47115,29826,500,60,3.758076
Marshall County,Tennessee,47117,37847,375,101,4.768722
Maury County,Tennessee,47119,113411,613,185,14.289786
McMinn County,Tennessee,47107,56754,430,132,7.151004
McNairy County,Tennessee,47109,26103,560,47,3.288978
Meigs County,Tennessee,47121,13937,195,71,1.756062
Monroe County,Tennessee,47123,49154,635,77,6.193404
Montgomery County,Tennessee,47125,246025,539,456,30.99915
Moore County,Tennessee,47127,6773,129,53,0.853398
Morgan County,Tennessee,47129,21954,522,42,2.766204
Obion County,Tennessee,47131,30261,545,56,3.812886
Overton County,Tennessee,47133,23551,433,54,2.967426
Perry County,Tennessee,47135,8987,415,22,1.132362
Pickett County,Tennessee,47137,5108,163,31,0.643608
Polk County,Tennessee,47139,18338,435,42,2.310588
Putnam County,Tennessee,47141,84894,401,212,10.696644
Rhea County,Tennessee,47143,34759,316,110,4.379634
Roane County,Tennessee,47145,56742,361,157,7.149492
Robertson County,Tennessee,47147,78459,477,164,9.885834
Rutherford County,Tennessee,47149,376996,619,609,47.501496
Scott County,Tennessee,47151,22517,532,42,2.837142
Sequatchie County,Tennessee,47153,17620,266,66,2.22012
Sevier County,Tennessee,47155,100184,592,169,12.623184
Shelby County,Tennessee,47157,910530,755,1206,114.72678
Smith County,Tennessee,47159,20783,314,66,2.618658
Stewart County,Tennessee,47161,14365,458,31,1.80999
Sullivan County,Tennessee,47163,162703,413,394,20.500578
Sumner County,Tennessee,47165,211721,529,400,26.676846
Tipton County,Tennessee,47167,62187,459,135,7.835562
Trousdale County,Tennessee,47169,12159,114,107,1.532034
Unicoi County,Tennessee,47171,17872,186,96,2.251872
Union County,Tennessee,47173,21064,224,94,2.654064
Van Buren County,Tennessee,47175,6686,247,27,0.842436
Warren County,Tennessee,47177,43619,433,101,5.495994
Washington County,Tennessee,47179,139642,326,428,17.594892
Wayne County,Tennessee,47181,15974,734,22,2.012724
Weakley County,Tennessee,47183,33162,580,57,4.178412
White County,Tennessee,47185,29108,377,77,3.667608
Williamson County,Tennessee,47187,269136,582,462,33.911136
Wilson County,Tennessee,47189,169948,571,298,21.413448
Adams County,Indiana,18001,36584,339,108,4.609584
Allen County,Indiana,18003,399295,657,608,50.31117
Bartholomew County,Indiana,18005,84741,407,208,10.677366
Benton County,Indiana,18007,8853,406,22,1.115478
Blackford County,Indiana,18009,11816,165,72,1.488816
Boone County,Indiana,18011,78773,423,186,9.925398
Brown County,Indiana,18013,15650,312,50,1.9719
Carroll County,Indiana,18015,20747,372,56,2.614122
Cass County,Indiana,18017,37559,412,91,4.732434
Clark County,Indiana,18019,127479,373,342,16.062354
Clay County,Indiana,18021,26424,358,74,3.329424
Clinton County,Indiana,18023,32895,405,81,4.14477
Crawford County,Indiana,18025,10523,306,34,1.325898
Daviess County,Indiana,18027,34097,429,79,4.296222
Dearborn County,Indiana,18029,51435,305,169,6.48081
Decatur County,Indiana,18031,26421,373,71,3.329046
DeKalb County,Indiana,18033,44330,363,122,5.58558
Delaware County,Indiana,18035,112951,392,288,14.231826
Dubois County,Indiana,18037,43629,427,102,5.497254
Elkhart County,Indiana,18039,207436,463,448,26.136936
Fayette County,Indiana,18041,23335,215,109,2.94021
Floyd County,Indiana,18043,81931,148,554,10.323306
Fountain County,Indiana,18045,16833,396,43,2.120958
Franklin County,Indiana,18047,23136,384,60,2.915136
Fulton County,Indiana,18049,20004,368,54,2.520504
Gibson County,Indiana,18051,33038,487,68,4.162788
Grant County,Indiana,18053,66458,414,161,8.373708
Greene County,Indiana,18055,31219,543,57,3.933594
Hamilton County,Indiana,18057,379704,394,964,47.842704
Hancock County,Indiana,18059,88810,306,290,11.19006
Harrison County,Indiana,18061,39978,485,82,5.037228
Hendricks County,Indiana,18063,190629,407,468,24.019254
Henry County,Indiana,18065,49081,392,125,6.184206
Howard County,Indiana,18067,84082,293,287,10.594332
Huntington County,Indiana,18069,36944,383,96,4.654944
Jackson County,Indiana,18071,47420,509,93,5.97492
Jasper County,Indiana,18073,33387,560,60,4.206762
Jay County,Indiana,18075,20164,384,53,2.540664
Jefferson County,Indiana,18077,32921,361,91,4.148046
Jennings County,Indiana,18079,27634,377,73,3.481884
Johnson County,Indiana,18081,170614,320,533,21.497364
Knox County,Indiana,18083,35872,516,70,4.519872
Kosciusko County,Indiana,18085,80669,531,152,10.164294
LaGrange County,Indiana,18087,41122,380,108,5.181372
Lake County,Indiana,18089,502955,499,1008,63.37233
LaPorte County,Indiana,18091,111348,598,186,14.029848
Lawrence County,Indiana,18093,45192,449,101,5.694192
Madison County,Indiana,18095,134222,452,297,16.911972
Marion County,Indiana,18097,981628,396,2479,123.685128
Marshall County,Indiana,18099,46464,444,105,5.854464
Martin County,Indiana,18101,9864,336,29,1.242864
Miami County,Indiana,18103,35613,374,95,4.487238
Monroe County,Indiana,18105,140702,395,356,17.728452
Montgomery County,Indiana,18107,38633,505,77,4.867758
Morgan County,Indiana,18109,73825,404,183,9.30195
Newton County,Indiana,18111,14131,402,35,1.780506
Noble County,Indiana,18113,47811,411,116,6.024186
Ohio County,Indiana,18115,5996,86,70,0.755496
Orange County,Indiana,18117,19824,398,50,2.497824
Owen County,Indiana,18119,21851,385,57,2.753226
Parke County,Indiana,18121,16508,445,37,2.080008
Perry County,Indiana,18123,19320,382,51,2.43432
Pike County,Indiana,18125,12116,334,36,1.526616
Porter County,Indiana,18127,175860,418,421,22.15836
Posey County,Indiana,18129,25067,410,61,3.158442
Pulaski County,Indiana,18131,12421,434,29,1.565046
Putnam County,Indiana,18133,37804,481,79,4.763304
Randolph County,Indiana,18135,24337,452,54,3.066462
Ripley County,Indiana,18137,29214,446,66,3.680964
Rush County,Indiana,18139,16759,408,41,2.111634
St. Joseph County,Indiana,18141,273744,458,598,34.491744
Scott County,Indiana,18143,24751,190,130,3.118626
Shelby County,Indiana,18145,45654,411,111,5.752404
Spencer County,Indiana,18147,20192,397,51,2.544192
Starke County,Indiana,18149,23463,309,76,2.956338
Steuben County,Indiana,18151,34862,309,113,4.392612
Sullivan County,Indiana,18153,20768,447,46,2.616768
Switzerland County,Indiana,18155,9988,221,45,1.258488
Tippecanoe County,Indiana,18157,191650,500,383,24.1479
Tipton County,Indiana,18159,15324,261,59,1.930824
Union County,Indiana,18161,6884,161,43,0.867384
Vanderburgh County,Indiana,18163,180387,233,774,22.728762
Vermillion County,Indiana,18165,15516,257,60,1.955016
Vigo County,Indiana,18167,106166,403,263,13.376916
Wabash County,Indiana,18169,30777,412,75,3.877902
Warren County,Indiana,18171,8451,365,23,1.064826
Warrick County,Indiana,18173,66339,385,172,8.358714
Washington County,Indiana,18175,28345,514,55,3.57147
Wayne County,Indiana,18177,66410,402,165,8.36766
Wells County,Indiana,18179,28798,368,78,3.628548
White County,Indiana,18181,24833,505,49,3.128958
Whitley County,Indiana,18183,34885,336,104,4.39551
Adair County,Kentucky,21001,19239,407,47,2.424114
Allen County,Kentucky,21003,22037,346,64,2.776662
Anderson County,Kentucky,21005,24883,203,123,3.135258
Ballard County,Kentucky,21007,7626,251,30,0.960876
Barren County,Kentucky,21009,45609,491,93,5.746734
Bath County,Kentucky,21011,12951,279,46,1.631826
Bell County,Kentucky,21013,23051,361,64,2.904426
Boone County,Kentucky,21015,144135,246,586,18.16101
Bourbon County,Kentucky,21017,20333,291,70,2.561958
Boyd County,Kentucky,21019,47777,160,299,6.019902
Boyle County,Kentucky,21021,31394,182,172,3.955644
Bracken County,Kentucky,21023,8497,203,42,1.070622
Breathitt County,Kentucky,21025,12804,495,26,1.613304
Breckinridge County,Kentucky,21027,21221,572,37,2.673846
Bullitt County,Kentucky,21029,85802,299,287,10.811052
Butler County,Kentucky,21031,12551,428,29,1.581426
Caldwell County,Kentucky,21033,12611,347,36,1.588986
Calloway County,Kentucky,21035,38975,386,101,4.91085
Campbell County,Kentucky,21037,94008,152,618,11.845008
Carlisle County,Kentucky,21039,4777,192,25,0.601902
Carroll County,Kentucky,21041,11111,130,85,1.399986
Carter County,Kentucky,21043,26098,411,63,3.288348
Casey County,Kentucky,21045,15948,446,36,2.009448
Christian County,Kentucky,21047,71006,721,98,8.946756
Clark County,Kentucky,21049,37673,254,148,4.746798
Clay County,Kentucky,21051,19592,471,42,2.468592
Clinton County,Kentucky,21053,9183,198,46,1.157058
Crittenden County,Kentucky,21055,8982,362,25,1.131732
Cumberland County,Kentucky,21057,6047,306,20,0.761922
Daviess County,Kentucky,21059,104457,462,226,13.161582
Edmonson County,Kentucky,21061,12635,303,42,1.59201
Elliott County,Kentucky,21063,7263,234,31,0.915138
Estill County,Kentucky,21065,14002,254,55,1.764252
Fayette County,Kentucky,21067,329437,284,1160,41.509062
Fleming County,Kentucky,21069,15591,351,44,1.964466
Floyd County,Kentucky,21071,34532,394,88,4.351032
Franklin County,Kentucky,21073,52442,210,250,6.607692
Fulton County,Kentucky,21075,6282,209,30,0.791532
Gallatin County,Kentucky,21077,8805,105,84,1.10943
Garrard County,Kentucky,21079,18040,231,78,2.27304
Grant County,Kentucky,21081,25722,260,99,3.240972
Graves County,Kentucky,21083,36821,556,66,4.639446
Grayson County,Kentucky,21085,27070,504,54,3.41082
Green County,Kentucky,21087,11552,289,40,1.455552
Greenup County,Kentucky,21089,35273,346,102,4.444398
Hancock County,Kentucky,21091,9013,189,48,1.135638
Hardin County,Kentucky,21093,112826,628,180,14.216076
Harlan County,Kentucky,21095,25052,467,54,3.156552
Harrison County,Kentucky,21097,19525,310,63,2.46015
Hart County,Kentucky,21099,19923,416,48,2.510298
Henderson County,Kentucky,21101,44175,440,100,5.56605
Henry County,Kentucky,21103,16198,289,56,2.040948
Hickman County,Kentucky,21105,4393,244,18,0.553518
Hopkins County,Kentucky,21107,45218,551,82,5.697468
Jackson County,Kentucky,21109,13358,346,39,1.683108
Jefferson County,Kentucky,21111,793881,385,2062,100.029006
Jessamine County,Kentucky,21113,56495,173,327,7.11837
Johnson County,Kentucky,21115,22098,262,84,2.784348
Kenton County,Kentucky,21117,174862,163,1073,22.032612
Knott County,Kentucky,21119,13438,352,38,1.693188
Knox County,Kentucky,21121,29657,388,76,3.736782
LaRue County,Kentucky,21123,15128,263,58,1.906128
Laurel County,Kentucky,21125,63353,436,145,7.982478
Lawrence County,Kentucky,21127,15798,419,38,1.990548
Lee County,Kentucky,21129,7313,210,35,0.921438
Leslie County,Kentucky,21131,9729,404,24,1.225854
Letcher County,Kentucky,21133,20139,339,59,2.537514
Lewis County,Kentucky,21135,12875,484,27,1.62225
Lincoln County,Kentucky,21137,24910,337,74,3.13866
Livingston County,Kentucky,21139,8815,316,28,1.11069
Logan County,Kentucky,21141,28467,556,51,3.586842
Lyon County,Kentucky,21143,9078,216,42,1.143828
McCracken County,Kentucky,21145,67550,251,269,8.5113
McCreary County,Kentucky,21147,16824,428,39,2.119824
McLean County,Kentucky,21149,9126,254,36,1.149876
Madison County,Kentucky,21151,99582,441,226,12.547332
Magoffin County,Kentucky,21153,11118,310,36,1.400868
Marion County,Kentucky,21155,19851,347,57,2.501226
Marshall County,Kentucky,21157,31734,305,104,3.998484
Martin County,Kentucky,21159,10696,231,46,1.347696
Mason County,Kentucky,21161,16956,241,70,2.136456
Meade County,Kentucky,21163,30442,308,99,3.835692
Menifee County,Kentucky,21165,6341,204,31,0.798966
Mercer County,Kentucky,21167,23515,251,94,2.96289
Metcalfe County,Kentucky,21169,10558,291,36,1.330308
Monroe County,Kentucky,21171,11163,331,34,1.406538
Montgomery County,Kentucky,21173,28771,199,145,3.625146
Morgan County,Kentucky,21175,14300,381,38,1.8018
Muhlenberg County,Kentucky,21177,30512,475,64,3.844512
Nelson County,Kentucky,21179,48706,423,115,6.136956
Nicholas County,Kentucky,21181,7816,197,40,0.984816
Ohio County,Kentucky,21183,23933,594,40,3.015558
Oldham County,Kentucky,21185,70525,189,373,8.88615
Owen County,Kentucky,21187,11435,352,32,1.44081
Owsley County,Kentucky,21189,3928,198,20,0.494928
Pendleton County,Kentucky,21191,14844,280,53,1.870344
Perry County,Kentucky,21193,26739,342,78,3.369114
Pike County,Kentucky,21195,55430,788,70,6.98418
Powell County,Kentucky,21197,12928,180,72,1.628928
Pulaski County,Kentucky,21199,66842,662,101,8.422092
Robertson County,Kentucky,21201,2382,100,24,0.300132
Rockcastle County,Kentucky,21203,16226,318,51,2.044476
Rowan County,Kentucky,21205,24675,281,88,3.10905
Russell County,Kentucky,21207,18458,254,73,2.325708
Scott County,Kentucky,21209,61700,285,216,7.7742
Shelby County,Kentucky,21211,50124,384,131,6.315624
Simpson County,Kentucky,21213,20350,236,86,2.5641
Spencer County,Kentucky,21215,20823,186,112,2.623698
Taylor County,Kentucky,21217,26809,270,99,3.377934
Todd County,Kentucky,21219,12757,376,34,1.607382
Trigg County,Kentucky,21221,14559,443,33,1.834434
Trimble County,Kentucky,21223,8591,149,58,1.082466
Union County,Kentucky,21225,13178,345,38,1.660428
Warren County,Kentucky,21227,147936,545,271,18.639936
Washington County,Kentucky,21229,12269,301,41,1.545894
Wayne County,Kentucky,21231,19629,459,43,2.473254
Webster County,Kentucky,21233,12854,335,38,1.619604
Whitley County,Kentucky,21235,37233,440,85,4.691358
Wolfe County,Kentucky,21237,6364,223,29,0.801864
Woodford County,Kentucky,21239,27728,191,145,3.493728